<?xml version="1.0" encoding="UTF-8"?>
<!--
 ~ Hibernate OGM, Domain model persistence for NoSQL datastores
 ~
 ~ License: GNU Lesser General Public License (LGPL), version 2.1 or later
 ~ See the lgpl.txt file in the root directory or <http://www.gnu.org/licenses/lgpl-2.1.html>.
  -->
<module xmlns="urn:jboss:module:1.1" name="org.hibernate.hql" slot="${hibernate.hql.module.slot}">
    <properties>
        <property name="jboss.api" value="private"/>
    </properties>

    <resources>
        <resource-root path="hibernate-hql-lucene-${hibernateParserVersion}.jar"/>
        <resource-root path="hibernate-hql-parser-${hibernateParserVersion}.jar"/>
        <resource-root path="antlr-runtime-3.4.jar"/>
    </resources>

    <dependencies>
        <module name="org.hibernate.search.engine" optional="true" slot="${hibernateSearchVersion}" />
        <module name="org.jboss.logging"/>
    </dependencies>
</module>
