<?xml version="1.0" encoding="UTF-8"?>
<!--
 ~ Hibernate OGM, Domain model persistence for NoSQL datastores
 ~
 ~ License: GNU Lesser General Public License (LGPL), version 2.1 or later
 ~ See the lgpl.txt file in the root directory or <http://www.gnu.org/licenses/lgpl-2.1.html>.
  -->
<module xmlns="urn:jboss:module:1.1" name="org.parboiled" slot="${org.parboiled.module.slot}">
    <resources>
        <resource-root path="parboiled-java-${parboiledVersion}.jar" />
        <resource-root path="parboiled-core-${parboiledVersion}.jar" />
        <resource-root path="asm-${asmVersion}.jar" />
        <resource-root path="asm-tree-${asmVersion}.jar" />
        <resource-root path="asm-analysis-${asmVersion}.jar" />
        <resource-root path="asm-util-${asmVersion}.jar" />
    </resources>
</module>
