<?xml version="1.0" encoding="UTF-8"?>
<!--
 ~ Hibernate OGM, Domain model persistence for NoSQL datastores
 ~
 ~ License: GNU Lesser General Public License (LGPL), version 2.1 or later
 ~ See the lgpl.txt file in the root directory or <http://www.gnu.org/licenses/lgpl-2.1.html>.
  -->
<module xmlns="urn:jboss:module:1.1" name="org.hibernate.ogm.infinispan" slot="${hibernate.ogm.infinispan.module.slot}">
    <resources>
        <resource-root path="hibernate-ogm-infinispan-${project.version}.jar" />
    </resources>
    <dependencies>
        <module name="org.hibernate" slot="${hibernate.ogm.module.slot}" />
        <module name="org.hibernate.hql" slot="${hibernate.hql.module.slot}" />

        <module name="org.infinispan" slot="${infinispan.module.slot}" />
        <module name="javax.api" />
        <module name="javax.persistence.api" />
        <module name="javax.transaction.api" />
        <module name="org.jboss.logging" />
    </dependencies>
</module>
