<?xml version='1.0' encoding='UTF-8'?>
<!--
 ~ Hibernate OGM, Domain model persistence for NoSQL datastores
 ~
 ~ License: GNU Lesser General Public License (LGPL), version 2.1 or later
 ~ See the lgpl.txt file in the root directory or <http://www.gnu.org/licenses/lgpl-2.1.html>.
  -->

<!--
  When updating this file, make sure we don't include duplicate jars in different subdirectories.
  Generate the distribution preview to see how it looks like:
   mvn clean package -DskipDistro=false -DskipTests=true -DskipITs=true

  To inspect which jars are being distributed and look for duplicates this might be handy:
  tar -ztvf target/*-dist.tar.gz | grep .jar| sed -e "s/.*\/dist//" -e "s/\(\/lib\/[^\/]*\)\/\(.*\)/\2 \t\t\t\1/" | sort
 -->
<assembly>
    <id>dist</id>
    <formats>
        <format>tar.gz</format>
        <format>zip</format>
    </formats>
    <includeBaseDirectory>false</includeBaseDirectory>
    <baseDirectory>/</baseDirectory>

    <!-- Configure the module artifacts which make it into the distribution bundle -->
    <dependencySets>
        <!--
        #######################################################################
        #  hibernate-ogm-core
        #######################################################################
         -->
        <dependencySet>
            <useProjectArtifact>false</useProjectArtifact>
            <outputDirectory>dist/lib/core</outputDirectory>
            <useTransitiveFiltering>true</useTransitiveFiltering>
            <unpack>false</unpack>
            <includes>
                <include>org.hibernate.ogm:hibernate-ogm-core</include>
            </includes>
        </dependencySet>

        <!-- Optional libraries -->
        <dependencySet>
            <useProjectArtifact>false</useProjectArtifact>
            <outputDirectory>dist/lib/optional</outputDirectory>
            <useTransitiveFiltering>true</useTransitiveFiltering>
            <unpack>false</unpack>
            <includes>
                 <include>org.hibernate:hibernate-search-orm</include>
                 <include>org.hibernate.hql:hibernate-hql-lucene</include>
            </includes>
        </dependencySet>

        <dependencySet>
            <useProjectArtifact>false</useProjectArtifact>
            <outputDirectory>dist/lib/optional/parboiled-java</outputDirectory>
            <useTransitiveFiltering>true</useTransitiveFiltering>
            <unpack>false</unpack>
            <includes>
                 <include>org.parboiled:parboiled-java</include>
            </includes>
        </dependencySet>

        <!-- Provided libraries -->
        <dependencySet>
            <useProjectArtifact>false</useProjectArtifact>
            <outputDirectory>dist/lib/provided</outputDirectory>
            <useTransitiveFiltering>false</useTransitiveFiltering>
            <unpack>false</unpack>
            <includes>
                 <include>org.jboss.logging:jboss-logging-annotations</include>
                 <include>org.jboss.spec.javax.transaction:jboss-transaction-api_1.2_spec</include>
            </includes>
        </dependencySet>

        <!--
        #######################################################################
        #  hibernate-ogm-infinispan
        #######################################################################
         -->
        <dependencySet>
            <useProjectArtifact>false</useProjectArtifact>
            <outputDirectory>dist/lib/infinispan</outputDirectory>
            <useTransitiveFiltering>true</useTransitiveFiltering>
            <unpack>false</unpack>
            <includes>
                <include>org.hibernate.ogm:hibernate-ogm-infinispan</include>

                <!-- Optional dependencies for infinispan -->
                <include>org.infinispan:infinispan-lucene-directory</include>
                <include>org.hibernate:hibernate-search-infinispan</include>
            </includes>
        </dependencySet>

        <!--
        #######################################################################
        #  hibernate-ogm-ehcache
        #######################################################################
         -->
        <dependencySet>
            <useProjectArtifact>false</useProjectArtifact>
            <outputDirectory>dist/lib/ehcache</outputDirectory>
            <useTransitiveFiltering>true</useTransitiveFiltering>
            <unpack>false</unpack>
            <includes>
                <include>org.hibernate.ogm:hibernate-ogm-ehcache</include>
            </includes>
        </dependencySet>

        <!--
        #######################################################################
        #  hibernate-ogm-mongodb
        #######################################################################
         -->
        <dependencySet>
            <useProjectArtifact>false</useProjectArtifact>
            <outputDirectory>dist/lib/mongodb</outputDirectory>
            <useTransitiveFiltering>true</useTransitiveFiltering>
            <unpack>false</unpack>
            <includes>
                <include>org.hibernate.ogm:hibernate-ogm-mongodb</include>
            </includes>
        </dependencySet>

        <!--
        #######################################################################
        #  hibernate-ogm-neo4j
        #######################################################################
         -->
        <dependencySet>
            <useProjectArtifact>false</useProjectArtifact>
            <outputDirectory>dist/lib/neo4j</outputDirectory>
            <useTransitiveFiltering>true</useTransitiveFiltering>
            <unpack>false</unpack>
            <includes>
                <include>org.hibernate.ogm:hibernate-ogm-neo4j</include>
            </includes>
        </dependencySet>

        <!--
        #######################################################################
        #  hibernate-ogm-couchdb
        #######################################################################
         -->
        <dependencySet>
            <useProjectArtifact>false</useProjectArtifact>
            <outputDirectory>dist/lib/couchdb</outputDirectory>
            <useTransitiveFiltering>true</useTransitiveFiltering>
            <unpack>false</unpack>
            <includes>
                <include>org.hibernate.ogm:hibernate-ogm-couchdb</include>
             </includes>
        </dependencySet>
    </dependencySets>

    <files>
        <file>
            <source>../readme.md</source>
            <outputDirectory>/</outputDirectory>
            <filtered>true</filtered>
        </file>
        <file>
            <source>../license.txt</source>
            <outputDirectory>/</outputDirectory>
        </file>
        <file>
            <source>../changelog.txt</source>
            <outputDirectory>/</outputDirectory>
        </file>
    </files>

    <fileSets>
        <!-- Include all sources -->
        <fileSet>
            <directory>../.</directory>
            <outputDirectory>sources</outputDirectory>
            <useDefaultExcludes>true</useDefaultExcludes>
            <excludes>
                <exclude>../readme.md</exclude>
                <exclude>../license.txt</exclude>
                <exclude>../changelog.txt</exclude>
                <exclude>../*.sh</exclude>
                <exclude>**/.git/**</exclude>
                <exclude>**/.gitignore</exclude>
                <exclude>**/.gitattributes</exclude>
                <exclude>**/.bin/**</exclude>
                <exclude>**/.settings/**</exclude>
                <exclude>**/.project</exclude>
                <exclude>**/.classpath</exclude>
                <exclude>**/.factorypath</exclude>
                <exclude>**/bin/**</exclude>
                <exclude>**/.externalToolBuilders/**</exclude>
                <exclude>**/target/**</exclude>
                <exclude>**/.idea/**</exclude>
                <exclude>**/*.iml</exclude>
                <exclude>**/*.log</exclude>
            </excludes>
        </fileSet>
        <fileSet>
            <directory>../documentation/manual/target/docbook/publish</directory>
            <outputDirectory>dist/docs/reference</outputDirectory>
        </fileSet>
        <fileSet>
            <directory>../documentation/javadoc/target/apidocs</directory>
            <outputDirectory>dist/docs/api</outputDirectory>
        </fileSet>
        <!--  Lucene Core 3.6.2 for Neo4j -->
        <fileSet>
            <directory>target/lib/neo4j</directory>
            <outputDirectory>dist/lib/neo4j</outputDirectory>
        </fileSet>
     </fileSets>
</assembly>
