<?xml version="1.0" encoding="UTF-8"?>
<!--
 ~ Hibernate OGM, Domain model persistence for NoSQL datastores
 ~
 ~ License: GNU Lesser General Public License (LGPL), version 2.1 or later
 ~ See the lgpl.txt file in the root directory or <http://www.gnu.org/licenses/lgpl-2.1.html>.
  -->
<infinispan
    xmlns:xsi="http://www.w3.org/2001/XMLSchema-instance"
    xsi:schemaLocation="urn:infinispan:config:7.0 http://www.infinispan.org/schemas/infinispan-config-7.0.xsd"
    xmlns="urn:infinispan:config:7.0">

    <jgroups>
        <!-- This is the default JGroups stack -->
        <stack-file name="default-udp" path="default-configs/default-jgroups-udp.xml" />
    </jgroups>

    <cache-container name="HibernateOGM" default-cache="DEFAULT" statistics="false" shutdown-hook="DONT_REGISTER">
        <transport stack="default-udp" />
        <jmx duplicate-domains="true" />

        <!-- *************************************** -->
        <!--     Default cache used as template      -->
        <!-- *************************************** -->
        <distributed-cache name="DEFAULT" mode="SYNC">
            <locking striping="false" acquire-timeout="10000"
                concurrency-level="500" write-skew="false" />
            <transaction mode="NON_DURABLE_XA"
                transaction-manager-lookup="org.infinispan.transaction.lookup.JBossStandaloneJTAManagerLookup" />
            <eviction max-entries="-1" strategy="NONE" />
            <expiration max-idle="-1" />
            <indexing index="NONE" />
            <state-transfer enabled="true" timeout="480000"
                await-initial-transfer="true" />
        </distributed-cache>

        <!-- *************************************** -->
        <!--     Cache to store the OGM entities     -->
        <!-- *************************************** -->
        <distributed-cache name="ENTITIES" mode="SYNC">
            <locking striping="false" acquire-timeout="10000"
                concurrency-level="500" write-skew="false" />
            <transaction mode="NON_DURABLE_XA"
                transaction-manager-lookup="org.infinispan.transaction.lookup.JBossStandaloneJTAManagerLookup" />
            <eviction max-entries="-1" strategy="NONE" />
            <expiration max-idle="-1" />
            <indexing index="NONE" />
            <state-transfer enabled="true" timeout="480000"
                await-initial-transfer="true" />
        </distributed-cache>

        <!-- *********************************************** -->
        <!--   Cache to store the relations across entities  -->
        <!-- *********************************************** -->
        <distributed-cache name="ASSOCIATIONS" mode="SYNC">
            <locking striping="false" acquire-timeout="10000"
                concurrency-level="500" write-skew="false" />
            <transaction mode="NON_DURABLE_XA"
                transaction-manager-lookup="org.infinispan.transaction.lookup.JBossStandaloneJTAManagerLookup" />
            <eviction max-entries="-1" strategy="NONE" />
            <expiration max-idle="-1" />
            <indexing index="NONE" />
            <state-transfer enabled="true" timeout="480000"
                await-initial-transfer="true" />
        </distributed-cache>

        <!-- ***************************** -->
        <!--   Cache to store identifiers  -->
        <!-- ***************************** -->
        <distributed-cache name="IDENTIFIERS" mode="SYNC">
            <locking striping="false" acquire-timeout="10000"
                concurrency-level="500" write-skew="false" />
            <transaction mode="NON_DURABLE_XA"
                transaction-manager-lookup="org.infinispan.transaction.lookup.JBossStandaloneJTAManagerLookup" />
            <eviction max-entries="-1" strategy="NONE" />
            <expiration max-idle="-1" />
            <indexing index="NONE" />
            <state-transfer enabled="true" timeout="480000"
                await-initial-transfer="true" />
        </distributed-cache>

    </cache-container>

</infinispan>