<!--
 ~ Hibernate OGM, Domain model persistence for NoSQL datastores
 ~
 ~ License: GNU Lesser General Public License (LGPL), version 2.1 or later
 ~ See the lgpl.txt file in the root directory or <http://www.gnu.org/licenses/lgpl-2.1.html>.
  -->
<assembly>
    <id>${classifier}</id>
    <formats>
        <format>zip</format>
    </formats>
    <includeBaseDirectory>false</includeBaseDirectory>
    <baseDirectory>/</baseDirectory>

    <files>
        <file>
            <source>${module.xml.basedir}/javax/persistence.api/module.xml</source>
            <outputDirectory>/system/layers/base/javax/persistence/api/main</outputDirectory>
            <filtered>true</filtered>
        </file>
        <file>
            <source>${module.xml.basedir}/javax/persistence.api/jbosgi-xservice.properties</source>
            <outputDirectory>/system/layers/base/javax/persistence/api/main</outputDirectory>
            <filtered>true</filtered>
        </file>
        <file>
            <source>${module.xml.basedir}/javassist/module.xml</source>
            <outputDirectory>/system/layers/base/org/javassist/main</outputDirectory>
            <filtered>true</filtered>
        </file>
        <file>
            <source>${hibernate.ogm.module.xml}</source>
            <outputDirectory>/org/hibernate/${hibernate.ogm.module.slot}</outputDirectory>
            <filtered>true</filtered>
        </file>
        <file>
             <source>${module.xml.basedir}/ogm/ehcache/module.xml</source>
             <outputDirectory>/org/hibernate/ogm/ehcache/main</outputDirectory>
             <filtered>true</filtered>
        </file>
        <file>
             <source>${module.xml.basedir}/ogm/mongodb/module.xml</source>
             <outputDirectory>/org/hibernate/ogm/mongodb/main</outputDirectory>
             <filtered>true</filtered>
        </file>
         <file>
             <source>${module.xml.basedir}/ogm/neo4j/module.xml</source>
             <outputDirectory>/org/hibernate/ogm/neo4j/${hibernate.ogm.neo4j.module.slot}</outputDirectory>
             <filtered>true</filtered>
        </file>
        <file>
             <source>${module.xml.basedir}/ogm/couchdb/module.xml</source>
             <outputDirectory>/org/hibernate/ogm/couchdb/main</outputDirectory>
             <filtered>true</filtered>
        </file>
        <file>
            <source>${module.xml.basedir}/org/parboiled/module.xml</source>
            <outputDirectory>/org/parboiled/${org.parboiled.module.slot}</outputDirectory>
            <filtered>true</filtered>
        </file>
    </files>

    <dependencySets>
        <dependencySet>
            <useProjectArtifact>false</useProjectArtifact>
            <outputDirectory>/system/layers/base/javax/persistence/api/main</outputDirectory>
            <useTransitiveFiltering>false</useTransitiveFiltering>
            <unpack>false</unpack>
            <includes>
                <include>org.hibernate.javax.persistence:hibernate-jpa-2.1-api</include>
            </includes>
        </dependencySet>
        <dependencySet>
            <useProjectArtifact>false</useProjectArtifact>
            <outputDirectory>/system/layers/base/org/javassist/main</outputDirectory>
            <useTransitiveFiltering>false</useTransitiveFiltering>
            <unpack>false</unpack>
            <includes>
                <include>org.javassist:javassist</include>
            </includes>
        </dependencySet>
        <dependencySet>
            <useProjectArtifact>false</useProjectArtifact>
            <outputDirectory>/org/hibernate/${hibernate.ogm.module.slot}</outputDirectory>
            <useTransitiveFiltering>false</useTransitiveFiltering>
            <unpack>false</unpack>
            <includes>
                <include>org.hibernate.ogm:hibernate-ogm-core</include>
                <include>org.hibernate.ogm:hibernate-ogm-infinispan</include>
                <include>org.hibernate:hibernate-core</include>
                <include>org.hibernate:hibernate-entitymanager</include>
                <include>org.hibernate.common:hibernate-commons-annotations</include>
                <include>org.jboss:jandex</include>
                <include>org.hibernate:hibernate-search-engine</include>
                <include>org.hibernate:hibernate-search-orm</include>
                <include>org.hibernate:hibernate-search-infinispan</include>
                <include>org.infinispan:infinispan-lucene-directory</include>
                <include>org.infinispan:infinispan-core</include>
                <include>org.infinispan:infinispan-commons</include>
                <include>org.jboss.marshalling:jboss-marshalling</include>
                <include>org.jboss.marshalling:jboss-marshalling-river</include>
                <include>org.jgroups:jgroups</include>
                <include>org.hibernate.hql:hibernate-hql-lucene</include>
                <include>org.hibernate.hql:hibernate-hql-parser</include>
                <include>antlr:antlr</include>
                <include>org.antlr:antlr-runtime</include>
                <include>org.apache.lucene:lucene-core</include>
                <include>org.apache.lucene:lucene-facet</include>
            </includes>
        </dependencySet>
        <dependencySet>
            <useProjectArtifact>false</useProjectArtifact>
            <outputDirectory>org/hibernate/ogm/ehcache/${hibernate.ogm.ehcache.module.slot}
            </outputDirectory>
            <useTransitiveFiltering>false</useTransitiveFiltering>
            <unpack>false</unpack>
            <includes>
                <include>org.hibernate.ogm:hibernate-ogm-ehcache</include>
                <include>net.sf.ehcache:ehcache-core</include>
            </includes>
        </dependencySet>
        <dependencySet>
             <useProjectArtifact>false</useProjectArtifact>
             <outputDirectory>org/hibernate/ogm/mongodb/${hibernate.ogm.mongodb.module.slot}</outputDirectory>
             <useTransitiveFiltering>false</useTransitiveFiltering>
             <unpack>false</unpack>
             <includes>
                 <include>org.hibernate.ogm:hibernate-ogm-mongodb</include>
                 <include>org.mongodb:mongo-java-driver</include>
              </includes>
       </dependencySet>
        <dependencySet>
             <useProjectArtifact>false</useProjectArtifact>
             <outputDirectory>org/hibernate/ogm/couchdb/${hibernate.ogm.couchdb.module.slot}</outputDirectory>
             <useTransitiveFiltering>false</useTransitiveFiltering>
             <unpack>false</unpack>
             <includes>
                 <include>org.hibernate.ogm:hibernate-ogm-couchdb</include>
             </includes>
       </dependencySet>
       <dependencySet>
              <useProjectArtifact>false</useProjectArtifact>
              <outputDirectory>org/hibernate/ogm/neo4j/${hibernate.ogm.neo4j.module.slot}</outputDirectory>
              <useTransitiveFiltering>false</useTransitiveFiltering>
              <unpack>false</unpack>
              <includes>
                  <include>org.hibernate.ogm:hibernate-ogm-neo4j</include>
                  <include>org.neo4j:neo4j</include>
                  <include>org.neo4j:neo4j-lucene-index</include>
                  <include>org.neo4j:neo4j-kernel</include>
                  <include>org.neo4j:neo4j-udc</include>
                  <include>org.neo4j:neo4j-graph-algo</include>
                  <include>org.neo4j:neo4j-graph-matching</include>
                  <include>org.neo4j:neo4j-jmx</include>
                  <include>org.apache.lucene:lucene-core</include>
                  <include>org.neo4j:neo4j-cypher</include>
                  <include>org.neo4j:neo4j-cypher-commons</include>
                  <include>org.neo4j:neo4j-cypher-compiler-1.9</include>
                  <include>org.neo4j:neo4j-cypher-compiler-2.0</include>
                  <include>org.neo4j:neo4j-cypher-compiler-2.1</include>
                  <include>org.parboiled:parboiled-scala_2.10</include>
                  <include>org.scala-lang:scala-library</include>
                  <include>org.neo4j:neo4j-primitive-collections</include>
                  <include>com.googlecode.concurrentlinkedhashmap:concurrentlinkedhashmap-lru</include>
              </includes>
       </dependencySet>
       <dependencySet>
            <useProjectArtifact>false</useProjectArtifact>
            <outputDirectory>org/parboiled/${org.parboiled.module.slot}</outputDirectory>
            <useTransitiveFiltering>false</useTransitiveFiltering>
            <unpack>false</unpack>
            <includes>
                <include>org.parboiled:parboiled-java</include>
                <include>org.parboiled:parboiled-core</include>
                <include>org.ow2.asm:asm</include>
                <include>org.ow2.asm:asm-tree</include>
                <include>org.ow2.asm:asm-analysis</include>
                <include>org.ow2.asm:asm-util</include>
            </includes>
       </dependencySet>
    </dependencySets>
    <fileSets>
        <fileSet>
            <directory>${project.build.directory}/unpacked-resteasy-modules</directory>
            <outputDirectory>/system/layers/base</outputDirectory>
        </fileSet>
    </fileSets>
</assembly>
